raqueta,precio
RAQUETA IG CHALLENGE TEAM L,$239.699 
RAQUETA ATTACK 25,$65.999 
RAQUETA VCORE ACE 98,$278.999 
RAQUETA RADICAL JR 23,$77.699 
RAQUETA NOVAK 21JR,$64.499 
RAQUETA CLASH 100 V2.0,$379.999 
RAQUETA RADICAL JR 25,$77.699 
RAQUETA MX ATTITUDE COMP,$140.499 
RAQUETA INSTINCT MP 2022,$330.599 
RAQUETA US OPEN 25JR,$54.999 
RAQUETA US OPEN 23JR,$54.999 
RAQUETA ATTACK 23,$65.999 
RAQUETA CLASH 100 PRO V2.0,$379.999 
RAQUETA BOOST AERO STRUNG,$183.999 
RAQUETA PRESTIGE MP,$404.999 
RAQUETA ATTACK JR21 18,$49.899 
RAQUETA GRAVITY MP 2022,$363.699 
RAQUETA PRO STAFF 97 V14,$422.999 
RAQUETA IG SPEED JR 25,$110.799 
RAQUETA EZONE ACE 102,$278.999 
RAQUETA PRO STAFF 26 V14,$249.999 
RAQUETA ENERGY 25,$65.999 
RAQUETA SHIFT 99L VI FRM,$419.999 
RAQUETA PHANTOM 100G LB28 STWC,$274.999 
RAQUETA ULTRA POWER XL 112,$62.999 
RAQUETA IG SPEED JR 23,$110.799 
RAQUETA FEDERER 21JR,$60.999 
RAQUETA BEAST PRO 100 LB STWC,$274.999 
RAQUETA FEDERER 25 JR,$60.999 
RAQUETA FEDERER 23 JR,$60.999 
Head Mx Pro Cyber,"$120.000,00"
Head MX Spark Elite,"$120.000,00"
Head MX Spark Tour (red),"$120.000,00"
Head Radical MP 2023,"$420.000,00"
MX Cyber Elite (grey),"$99.000,00"
Raqueta BABOLAT Aero rafa Junior 23,"$90.000,00"
Raqueta BABOLAT Aero rafa Junior 25,"$150.000,00"
Raqueta BABOLAT Aero Rafa Junior 26,"$240.000,00"
Raqueta Babolat Jr Ballfighter 21  Blue/Red,"$70.000,00"
Raqueta Babolat Jr Ballfighter 23 Black Orange Grey,"$72.000,00"
Raqueta Babolat Jr Ballfighter 23 Blue/Yellow,"$80.000,00"
Raqueta BABOLAT Nadal Junior 19 Encordada,"$35.000,00"
Raqueta Babolat Pure Aero + 2023 Sin Encordar,"$419.000,00"
Raqueta Babolat Pure Aero 2023 Sin Encordar,"$399.000,00"
Raqueta Babolat Pure Aero 98 2023 Sin Encordar,"$440.000,00"
Raqueta Babolat Pure Aero Rafa 2023,"$450.000,00"
Raqueta Babolat Pure Aero Rafa Origin 2023 Sin Encordar,"$450.000,00"
Raqueta Babolat Pure Drive 100,"$420.000,00"
Raqueta Babolat Pure Strike Tour Sin Encordar,"$320.000,00"
Raqueta Babolat Pure Strike Vs,"$360.000,00"
Raqueta Boost Aero Encordada,"$184.000,00"
Raqueta Boost Aero Rafa Encordada,"$210.000,00"
Raqueta De Tenis Babolat Boost Strike S 2024 encordada,"$184.000,00"
raqueta de tenis dunlop cx 200 18×20 tour,"$300.000,00"
RAQUETA DE TENIS DUNLOP FX 500,"$310.000,00"
RAQUETA DE TENIS FEDERER 25 JR,"$49.000,00"
RAQUETA DE TENIS ROGER FEDERER JR 21,"$65.000,00"
RAQUETA DE TENIS SHIFT 99 V1,"$423.999,00"
RAQUETA DE TENIS SHIFT 99L V1,"$409.999,00"
RAQUETA DE TENIS ULTRA 100 V4.0,"$382.999,00"
RAQUETA DE TENIS WILSON BLADE 100L V8,"$320.000,00"
RAQUETA DE TENIS WILSON BLADE 100L V9,"$349.999,00"
RAQUETA DE TENIS WILSON BLADE FEEL 100,"$240.000,00"
Raqueta de Tenis Wilson blade v9 98 18/20,"$399.999,00"
Raqueta de tenis wilson PRO OPEN 100,"$243.000,00"
RAQUETA DE TENIS WILSON PRO STAFF 97 ULS,"$280.000,00"
RAQUETA DE TENIS WILSON PRO STAFF 97 V14,"$380.600,00"
RAQUETA DE TENIS WILSON PRO STAFF 97L V14 GRIP 2,"$350.000,00"
Raqueta de tenis wilson PRO STAFF PRECISION 100 4 3/8,"$229.999,00"
Raqueta de tenis wilson RF 01 4 3/8,"$459.999,00"
RAQUETA DE TENIS WILSON ULTRA 100L V4.0,"$315.000,00"
RAQUETA DE TENIS WILSON ULTRA 100UL V4,"$315.000,00"
Raqueta de tenis wilson ULTRA POWER 100,"$200.000,00"
raqueta de tenis Yonex Ezone 110 255g,"$445.000,00"
raqueta de tenis Yonex ezone ace,"$250.000,00"
raqueta de tenis Yonex ezone feel,"$230.000,00"
Raqueta Dunlop CX 200 LS,"$225.000,00"
Raqueta Dunlop CX 200 LS 21,"$225.000,00"
Raqueta Dunlop cx 400 Tour G3,"$300.000,00"
Raqueta Dunlop CX Team 275,"$150.000,00"
Raqueta Dunlop Pro Series 265,"$150.000,00"
Raqueta Dunlop SX 300,"$310.000,00"
Raqueta Dunlop SX 300 LS,"$300.000,00"
Raqueta Dunlop SX 300 TOUR,"$299.000,00"
Raqueta Graphene 360+ Extreme S,"$250.000,00"
RAQUETA HEAD EXTREME MP,"$420.000,00"
Raqueta Head Extreme Tour,"$420.000,00"
Raqueta HEAD GRAVITY MP 2023,"$420.000,00"
RAQUETA HEAD INSTINCT MP 2024,"$279.000,00"
Raqueta HEAD RADICAL PRO,"$399.000,00"
Raqueta head speed MP 2022,"$320.000,00"
Raqueta head speed MP 2024,"$420.000,00"
Raqueta head speed PRO 2024,"$420.000,00"
Raqueta Head Ti Instinct,"$60.000,00"
Raqueta Prince Ats Textreme Tour 100,"$220.000,00"
Raqueta Tenis Head 26 Jr Infantil Aluminio + Funda,"$90.000,00"
Raqueta Tenis Head CHALLENGE LITE,"$145.000,00"
RAQUETA TENIS HEAD GRAVITY MP 2021,"$350.000,00"
RAQUETA TENIS HEAD Ti. CONQUEST,"$60.000,00"
RAQUETA TENIS HEAD Ti. REWARD,"$60.000,00"
Raqueta Tenis Head Tour Pro,"$60.000,00"
Raqueta Tenis Infantil Head Speed Jr 23 Color Azul,"$65.000,00"
Raqueta Tenis ROGER FEDERER JR 23,"$49.000,00"
Raqueta Tenis Wilson – BLADE 104 V8.0,"$309.000,00"
Raqueta Tenis Wilson BOCA JUNIORS 25 jr,"$70.999,00"
Raqueta Tenis Wilson Clash 100 295gr 43/8,"$399.000,00"
Raqueta Tenis Wilson Clash 100 L,"$315.000,00"
Raqueta Tenis Wilson Clash 100 Pro 310gr,"$345.000,00"
Raqueta Tenis Wilson River Plate 25 jr,"$70.999,00"
Raqueta Tenis Wilson Roland Garros Equipe Hp Encordada,"$250.000,00"
Raqueta Tenis Wilson TENIS BURN 100 CV,"$300.000,00"
Raqueta Tenis Wilson Us Open Junior 23 jr,"$65.000,00"
Raqueta Tenis Yonex Vcore Pro game 270gr,"$250.000,00"
Raqueta usada Babolat pure strike vs C/U,"$270.000,00"
Raqueta usada Head extreme pro,"$178.000,00"
Raqueta usada Head MP 2020 c/u,"$220.000,00"
Raqueta Usada Head Radical Mp,"$190.000,00"
Raqueta usada TECNIFIBRE RSSECTION,"$278.000,00"
Raqueta usada Wilson Blade 98 18×20 v9,"$320.000,00"
Raqueta usada Wilson Blade 98 V7,"$220.000,00"
Raqueta usada Wilson blx,"$111.000,00"
Raqueta Usada Wilson Clash 100 Tour,"$179.000,00"
Raqueta usada Wilson Pro staff 97L V13  C/U,"$220.000,00"
Raqueta usada Wilson Pro staff 97LS V11,"$200.000,00"
Raqueta usada Wilson Pro staff 97ULS V11,"$200.000,00"
Raqueta Usada Wilson Ultra  97 PRO v3,"$190.000,00"
Raqueta usada Wilson Ultra 100L v3,"$180.000,00"
Raqueta wilson Boca Juniors 103  279g 43-8,"$70.000,00"
Raqueta wilson River Plate 279g 43-8,"$65.000,00"
Raqueta wilson Ultra Boca Juniors 100 300g 43-8,"$150.000,00"
RAQUETA YONEX OSAKA TEAM,"$260.000,00"
Raqueta Yonex SMASH TEAM,"$240.000,00"
Raqueta Yonex Vcore 95 2023,"$400.000,00"
Raqueta Yonex Vcore Ace,"$260.000,00"
Raqueta Yonex VCORE Feel,"$260.000,00"
Raqueta Yonex Vcore Game,"$260.000,00"
Raqueta Yonex Vcore PRO 97D,"$350.000,00"
Raquetas USADAS Wilson Blade 104 c/u,"$210.000,00"
